#la_llamita_bd.CLASIFICACIONes:
INSERT INTO la_llamita_bd.CLASIFICACION (CODIGO, ACTIVA, DESCRIPCION, FECHA_CREACION, NOMBRE)
VALUES (1,true,"",'08/11/18',"Cambios de Configuración de Sistema Operativo de PC");

INSERT INTO la_llamita_bd.CLASIFICACION (CODIGO, ACTIVA, DESCRIPCION, FECHA_CREACION, NOMBRE)
VALUES (2,true,"",'08/11/18',"Problemas en el funcionamiento del Sistema Operativo de PC y utilitarios");

INSERT INTO la_llamita_bd.CLASIFICACION (CODIGO, ACTIVA, DESCRIPCION, FECHA_CREACION, NOMBRE)
VALUES (3,true,"",'08/11/18',"Solicitud de instalación de aplicaciones");

INSERT INTO la_llamita_bd.CLASIFICACION (CODIGO, ACTIVA, DESCRIPCION, FECHA_CREACION, NOMBRE)
VALUES (4,true,"",'08/11/18',"Mal funcionamiento de Hardware");

INSERT INTO la_llamita_bd.CLASIFICACION (CODIGO, ACTIVA, DESCRIPCION, FECHA_CREACION, NOMBRE)
VALUES (5,true,"",'08/11/18',"Problemas en la autenticación en los distintos sistemas");

INSERT INTO la_llamita_bd.CLASIFICACION (CODIGO, ACTIVA, DESCRIPCION, FECHA_CREACION, NOMBRE)
VALUES (6,true,"",'08/11/18',"Problemas de acceso a la red local o remota");

INSERT INTO la_llamita_bd.CLASIFICACION (CODIGO, ACTIVA, DESCRIPCION, FECHA_CREACION, NOMBRE)
VALUES (7,true,"",'08/11/18',"Solicitud de usuarios de red");

INSERT INTO la_llamita_bd.CLASIFICACION (CODIGO, ACTIVA, DESCRIPCION, FECHA_CREACION, NOMBRE)
VALUES (8,true,"",'08/11/18',"Solicitud de usuarios para Sistemas informáticos que utiliza la empresa");

INSERT INTO la_llamita_bd.CLASIFICACION (CODIGO, ACTIVA, DESCRIPCION, FECHA_CREACION, NOMBRE)
VALUES (9,true,"",'08/11/18',"Modificación en los perfiles de usuarios");

INSERT INTO la_llamita_bd.CLASIFICACION (CODIGO, ACTIVA, DESCRIPCION, FECHA_CREACION, NOMBRE)
VALUES (10,true,"",'08/11/18',"Solicitud de Cambio de Contraseñas");

INSERT INTO la_llamita_bd.CLASIFICACION (CODIGO, ACTIVA, DESCRIPCION, FECHA_CREACION, NOMBRE)
VALUES (11,true,"",'08/11/18',"Problemas en los Sistemas de la empresa");

INSERT INTO la_llamita_bd.CLASIFICACION (CODIGO, ACTIVA, DESCRIPCION, FECHA_CREACION, NOMBRE)
VALUES (12,true,"",'08/11/18',"Problemas con el correo electrónico");

INSERT INTO la_llamita_bd.CLASIFICACION (CODIGO, ACTIVA, DESCRIPCION, FECHA_CREACION, NOMBRE)
VALUES (13,true,"",'08/11/18',"Solicitud de cuentas de correo electrónico");

INSERT INTO la_llamita_bd.CLASIFICACION (CODIGO, ACTIVA, DESCRIPCION, FECHA_CREACION, NOMBRE)
VALUES (14,true,"",'08/11/18',"Solicitud de nuevos puestos de trabajo");

INSERT INTO la_llamita_bd.CLASIFICACION (CODIGO, ACTIVA, DESCRIPCION, FECHA_CREACION, NOMBRE)
VALUES (15,true,"",'08/11/18',"Solicitud soporte en el uso de alguna aplicación o sistema");

#Grupos de resolucion
INSERT INTO la_llamita_bd.GRUPO_DE_RESOLUCION (ID_GR, NOMBRE)
VALUES ("A1","Mesa de Ayuda");

INSERT INTO la_llamita_bd.GRUPO_DE_RESOLUCION (ID_GR, NOMBRE)
VALUES ("B1","Unidades de soporte");

INSERT INTO la_llamita_bd.GRUPO_DE_RESOLUCION (ID_GR, NOMBRE)
VALUES ("B2","Servicio técnico");

INSERT INTO la_llamita_bd.GRUPO_DE_RESOLUCION (ID_GR, NOMBRE)
VALUES ("C1","Administrador de Base de Datos");

INSERT INTO la_llamita_bd.GRUPO_DE_RESOLUCION (ID_GR, NOMBRE)
VALUES ("C2","Administrador SUSE Linux");

INSERT INTO la_llamita_bd.GRUPO_DE_RESOLUCION (ID_GR, NOMBRE)
VALUES ("C3","Administrador Proxy y correo electrónico");

INSERT INTO la_llamita_bd.GRUPO_DE_RESOLUCION (ID_GR, NOMBRE)
VALUES ("C4","Administrador DEBIAN");

INSERT INTO la_llamita_bd.GRUPO_DE_RESOLUCION (ID_GR, NOMBRE)
VALUES ("B3","Redes LAN");

INSERT INTO la_llamita_bd.GRUPO_DE_RESOLUCION (ID_GR, NOMBRE)
VALUES ("C5","Comunicaciones");

INSERT INTO la_llamita_bd.GRUPO_DE_RESOLUCION (ID_GR, NOMBRE)
VALUES ("C6","Desarrollo Sistema Comercial");

INSERT INTO la_llamita_bd.GRUPO_DE_RESOLUCION (ID_GR, NOMBRE)
VALUES ("C7","Desarrollo Sistema RRHH");

INSERT INTO la_llamita_bd.GRUPO_DE_RESOLUCION (ID_GR, NOMBRE)
VALUES ("C8","Desarrollo Sistema de Reclamos");


#Tabla relacion entre Clasificacion-GrupoResolucion
INSERT INTO la_llamita_bd.CAPACITADO_PARA (ID_GR, CLAVE)
VALUES ("B1",1);

INSERT INTO la_llamita_bd.CAPACITADO_PARA (ID_GR, CLAVE)
VALUES ("C2",1);

INSERT INTO la_llamita_bd.CAPACITADO_PARA (ID_GR, CLAVE)
VALUES ("C4",1);

INSERT INTO la_llamita_bd.CAPACITADO_PARA (ID_GR, CLAVE)
VALUES ("B1",2);

INSERT INTO la_llamita_bd.CAPACITADO_PARA (ID_GR, CLAVE)
VALUES ("C2",2);

INSERT INTO la_llamita_bd.CAPACITADO_PARA (ID_GR, CLAVE)
VALUES ("C4",2);

INSERT INTO la_llamita_bd.CAPACITADO_PARA (ID_GR, CLAVE)
VALUES ("B1",3);

INSERT INTO la_llamita_bd.CAPACITADO_PARA (ID_GR, CLAVE)
VALUES ("B2",3);

INSERT INTO la_llamita_bd.CAPACITADO_PARA (ID_GR, CLAVE)
VALUES ("B1",4);

INSERT INTO la_llamita_bd.CAPACITADO_PARA (ID_GR, CLAVE)
VALUES ("B2",4);

INSERT INTO la_llamita_bd.CAPACITADO_PARA (ID_GR, CLAVE)
VALUES ("B1",5);

INSERT INTO la_llamita_bd.CAPACITADO_PARA (ID_GR, CLAVE)
VALUES ("B2",5);

INSERT INTO la_llamita_bd.CAPACITADO_PARA (ID_GR, CLAVE)
VALUES ("B1",6);

INSERT INTO la_llamita_bd.CAPACITADO_PARA (ID_GR, CLAVE)
VALUES ("B2",6);

INSERT INTO la_llamita_bd.CAPACITADO_PARA (ID_GR, CLAVE)
VALUES ("C5",6);

INSERT INTO la_llamita_bd.CAPACITADO_PARA (ID_GR, CLAVE)
VALUES ("B1",7);

INSERT INTO la_llamita_bd.CAPACITADO_PARA (ID_GR, CLAVE)
VALUES ("B2",7);

INSERT INTO la_llamita_bd.CAPACITADO_PARA (ID_GR, CLAVE)
VALUES ("C5",7);

INSERT INTO la_llamita_bd.CAPACITADO_PARA (ID_GR, CLAVE)
VALUES ("B3",7);

INSERT INTO la_llamita_bd.CAPACITADO_PARA (ID_GR, CLAVE)
VALUES ("C1",8);

INSERT INTO la_llamita_bd.CAPACITADO_PARA (ID_GR, CLAVE)
VALUES ("C5",8);

INSERT INTO la_llamita_bd.CAPACITADO_PARA (ID_GR, CLAVE)
VALUES ("B1",9);

INSERT INTO la_llamita_bd.CAPACITADO_PARA (ID_GR, CLAVE)
VALUES ("C5",9);

INSERT INTO la_llamita_bd.CAPACITADO_PARA (ID_GR, CLAVE)
VALUES ("C8",9);

INSERT INTO la_llamita_bd.CAPACITADO_PARA (ID_GR, CLAVE)
VALUES ("B1",10);

INSERT INTO la_llamita_bd.CAPACITADO_PARA (ID_GR, CLAVE)
VALUES ("C5",10);

INSERT INTO la_llamita_bd.CAPACITADO_PARA (ID_GR, CLAVE)
VALUES ("C8",10);

INSERT INTO la_llamita_bd.CAPACITADO_PARA (ID_GR, CLAVE)
VALUES ("B1",11);

INSERT INTO la_llamita_bd.CAPACITADO_PARA (ID_GR, CLAVE)
VALUES ("B2",11);

INSERT INTO la_llamita_bd.CAPACITADO_PARA (ID_GR, CLAVE)
VALUES ("C5",11);

INSERT INTO la_llamita_bd.CAPACITADO_PARA (ID_GR, CLAVE)
VALUES ("B1",12);

INSERT INTO la_llamita_bd.CAPACITADO_PARA (ID_GR, CLAVE)
VALUES ("C3",12);

INSERT INTO la_llamita_bd.CAPACITADO_PARA (ID_GR, CLAVE)
VALUES ("B1",13);

INSERT INTO la_llamita_bd.CAPACITADO_PARA (ID_GR, CLAVE)
VALUES ("C3",13);

INSERT INTO la_llamita_bd.CAPACITADO_PARA (ID_GR, CLAVE)
VALUES ("C8",13);

INSERT INTO la_llamita_bd.CAPACITADO_PARA (ID_GR, CLAVE)
VALUES ("B1",14);

INSERT INTO la_llamita_bd.CAPACITADO_PARA (ID_GR, CLAVE)
VALUES ("C7",14);

INSERT INTO la_llamita_bd.CAPACITADO_PARA (ID_GR, CLAVE)
VALUES ("C1",15);


INSERT INTO la_llamita_bd.EMPLEADO (NUM_LEGAJO, APELLIDO, NOMBRE, DIRECCION, TELEFONO_DIRECTO, TELEFONO_INTERNO)
VALUES (23791, "Moyano", "Giollermo", "Calle flasa 123, Springfield", 4564215, 150);

INSERT INTO la_llamita_bd.EMPLEADO (NUM_LEGAJO, APELLIDO, NOMBRE, DIRECCION, TELEFONO_DIRECTO, TELEFONO_INTERNO)
VALUES (23792, "Albornoz", "Hernán", "Av. Avenida 1235, Paraná", 4231987, 134);

INSERT INTO la_llamita_bd.EMPLEADO (NUM_LEGAJO, APELLIDO, NOMBRE, DIRECCION, TELEFONO_DIRECTO, TELEFONO_INTERNO)
VALUES (23801, "Tomas", "Emanuel", "Bv. Belgrano 3450, Santa Fe", 4971236, 132);

INSERT INTO la_llamita_bd.EMPLEADO (NUM_LEGAJO, APELLIDO, NOMBRE, DIRECCION, TELEFONO_DIRECTO, TELEFONO_INTERNO)
VALUES (23809, "Gaston", "Diaz", "Salta 2450, Santa Fe", 4397526, 130);

INSERT INTO la_llamita_bd.USUARIO (NOMBRE_USUARIO, CLAVE, NUM_LEGAJO, ID_GR)
VALUES ("Gaston", 1509442, 23809, "A1");

INSERT INTO la_llamita_bd.USUARIO (NOMBRE_USUARIO, CLAVE, NUM_LEGAJO, ID_GR)
VALUES ("Hernan", 1509442, 23792, "B1");

INSERT INTO la_llamita_bd.NUM_TICKET (ID, NUM)
VALUES ("numTicket", 1);