INSERT INTO la_llamita_bd.ticket (NUM_TICKET, DESCRIPCION, FECHA_HORA_APERTURA, OPERADOR, NUM_LEGAJO) VALUES (2, 'Solicita la instalación del nuevo sistema de getión de reclamos', '2018-12-05 20:03:31', 'Gaston', 23791);
INSERT INTO la_llamita_bd.ticket (NUM_TICKET, DESCRIPCION, FECHA_HORA_APERTURA, OPERADOR, NUM_LEGAJO) VALUES (3, 'Solicita la creación de usuarios para el nuevo sistema de gestión de reclamos.', '2018-12-05 20:04:15', 'Gaston', 23801);
INSERT INTO la_llamita_bd.ticket (NUM_TICKET, DESCRIPCION, FECHA_HORA_APERTURA, OPERADOR, NUM_LEGAJO) VALUES (4, 'Solicto cambio de contraseña del sistema de gestión de reclamos', '2018-12-05 20:05:24', 'Gaston', 23809);
INSERT INTO la_llamita_bd.intervencion (ID_INT, FECHA_HORA_ASIGNACION, OBSERVACIONES, ID_GR, NUM_TICKET) VALUES (1, '2018-12-05 20:03:59', 'Ya lo tenía instalado', 'A1', 2);
INSERT INTO la_llamita_bd.intervencion (ID_INT, FECHA_HORA_ASIGNACION, OBSERVACIONES, ID_GR, NUM_TICKET) VALUES (2, '2018-12-05 20:04:59', 'Derivo al grupo correspondiente', 'A1', 3);
INSERT INTO la_llamita_bd.intervencion (ID_INT, FECHA_HORA_ASIGNACION, OBSERVACIONES, ID_GR, NUM_TICKET) VALUES (3, '2018-12-05 20:05:22', 'Derivo al grupo correspondiente', 'C5', 3);
INSERT INTO la_llamita_bd.intervencion (ID_INT, FECHA_HORA_ASIGNACION, OBSERVACIONES, ID_GR, NUM_TICKET) VALUES (4, '2018-12-05 20:06:08', 'Derivo a unidades de soporte', 'A1', 4);
INSERT INTO la_llamita_bd.intervencion (ID_INT, FECHA_HORA_ASIGNACION, OBSERVACIONES, ID_GR, NUM_TICKET) VALUES (5, '2018-12-05 20:06:22', 'Derivo a unidades de soporte', 'B1', 4);
INSERT INTO la_llamita_bd.intervencion (ID_INT, FECHA_HORA_ASIGNACION, OBSERVACIONES, ID_GR, NUM_TICKET) VALUES (6, '2018-12-05 21:58:17', 'Derivado desde derivar ticket', 'B2', 2);
INSERT INTO la_llamita_bd.reclasificacion (ID_RECLA, FECHA_RECLASIFICACION, CLAVE_ANTERIOR, CLAVE_NUEVA, NUM_TICKET, USUARIO) VALUES (1, '2018-12-05 20:03:59', null, 3, 2, 'Gaston');
INSERT INTO la_llamita_bd.reclasificacion (ID_RECLA, FECHA_RECLASIFICACION, CLAVE_ANTERIOR, CLAVE_NUEVA, NUM_TICKET, USUARIO) VALUES (2, '2018-12-05 20:04:59', null, 7, 3, 'Gaston');
INSERT INTO la_llamita_bd.reclasificacion (ID_RECLA, FECHA_RECLASIFICACION, CLAVE_ANTERIOR, CLAVE_NUEVA, NUM_TICKET, USUARIO) VALUES (3, '2018-12-05 20:06:08', null, 10, 4, 'Gaston');
INSERT INTO la_llamita_bd.cambio_estado_intervencion (ID_CAMBIO_INT, ESTADO_ANTERIOR, ESTADO_NUEVO, FECHA_HORA_CAMBIO, OBSERVACIONES, INTERVENCION, RESPONSABLE_CAMBIO) VALUES (1, null, 'ASIGNADO', '2018-12-05 20:03:59', '', 1, 'Gaston');
INSERT INTO la_llamita_bd.cambio_estado_intervencion (ID_CAMBIO_INT, ESTADO_ANTERIOR, ESTADO_NUEVO, FECHA_HORA_CAMBIO, OBSERVACIONES, INTERVENCION, RESPONSABLE_CAMBIO) VALUES (2, 'ASIGNADO', 'TRABAJANDO', '2018-12-05 20:03:59', '', 1, 'Gaston');
INSERT INTO la_llamita_bd.cambio_estado_intervencion (ID_CAMBIO_INT, ESTADO_ANTERIOR, ESTADO_NUEVO, FECHA_HORA_CAMBIO, OBSERVACIONES, INTERVENCION, RESPONSABLE_CAMBIO) VALUES (3, 'TRABAJANDO', 'TERMINADO', '2018-12-05 20:04:13', 'Ya lo tenía instalado', 1, 'Gaston');
INSERT INTO la_llamita_bd.cambio_estado_intervencion (ID_CAMBIO_INT, ESTADO_ANTERIOR, ESTADO_NUEVO, FECHA_HORA_CAMBIO, OBSERVACIONES, INTERVENCION, RESPONSABLE_CAMBIO) VALUES (4, null, 'ASIGNADO', '2018-12-05 20:04:59', '', 2, 'Gaston');
INSERT INTO la_llamita_bd.cambio_estado_intervencion (ID_CAMBIO_INT, ESTADO_ANTERIOR, ESTADO_NUEVO, FECHA_HORA_CAMBIO, OBSERVACIONES, INTERVENCION, RESPONSABLE_CAMBIO) VALUES (5, 'ASIGNADO', 'TRABAJANDO', '2018-12-05 20:04:59', '', 2, 'Gaston');
INSERT INTO la_llamita_bd.cambio_estado_intervencion (ID_CAMBIO_INT, ESTADO_ANTERIOR, ESTADO_NUEVO, FECHA_HORA_CAMBIO, OBSERVACIONES, INTERVENCION, RESPONSABLE_CAMBIO) VALUES (6, 'TRABAJANDO', 'TERMINADO', '2018-12-05 20:05:22', 'Derivo al grupo correspondiente', 2, 'Gaston');
INSERT INTO la_llamita_bd.cambio_estado_intervencion (ID_CAMBIO_INT, ESTADO_ANTERIOR, ESTADO_NUEVO, FECHA_HORA_CAMBIO, OBSERVACIONES, INTERVENCION, RESPONSABLE_CAMBIO) VALUES (7, null, 'ASIGNADO', '2018-12-05 20:05:22', 'Derivo al grupo correspondiente', 3, 'Gaston');
INSERT INTO la_llamita_bd.cambio_estado_intervencion (ID_CAMBIO_INT, ESTADO_ANTERIOR, ESTADO_NUEVO, FECHA_HORA_CAMBIO, OBSERVACIONES, INTERVENCION, RESPONSABLE_CAMBIO) VALUES (8, null, 'ASIGNADO', '2018-12-05 20:06:08', '', 4, 'Gaston');
INSERT INTO la_llamita_bd.cambio_estado_intervencion (ID_CAMBIO_INT, ESTADO_ANTERIOR, ESTADO_NUEVO, FECHA_HORA_CAMBIO, OBSERVACIONES, INTERVENCION, RESPONSABLE_CAMBIO) VALUES (9, 'ASIGNADO', 'TRABAJANDO', '2018-12-05 20:06:08', '', 4, 'Gaston');
INSERT INTO la_llamita_bd.cambio_estado_intervencion (ID_CAMBIO_INT, ESTADO_ANTERIOR, ESTADO_NUEVO, FECHA_HORA_CAMBIO, OBSERVACIONES, INTERVENCION, RESPONSABLE_CAMBIO) VALUES (10, 'TRABAJANDO', 'TERMINADO', '2018-12-05 20:06:22', 'Derivo a unidades de soporte', 4, 'Gaston');
INSERT INTO la_llamita_bd.cambio_estado_intervencion (ID_CAMBIO_INT, ESTADO_ANTERIOR, ESTADO_NUEVO, FECHA_HORA_CAMBIO, OBSERVACIONES, INTERVENCION, RESPONSABLE_CAMBIO) VALUES (11, null, 'ASIGNADO', '2018-12-05 20:06:22', 'Derivo a unidades de soporte', 5, 'Gaston');
INSERT INTO la_llamita_bd.cambio_estado_intervencion (ID_CAMBIO_INT, ESTADO_ANTERIOR, ESTADO_NUEVO, FECHA_HORA_CAMBIO, OBSERVACIONES, INTERVENCION, RESPONSABLE_CAMBIO) VALUES (12, null, 'ASIGNADO', '2018-12-05 21:58:17', 'Derivado desde derivar ticket', 6, 'Gaston');
INSERT INTO la_llamita_bd.cambio_estado_ticket (ID_CAMBIO_TICK, ESTADO_ANTERIOR, ESTADO_NUEVO, FECHA_HORA_CAMBIO, OBSERVACIONES, RESPONSABLE_CAMBIO, NUM_TICKET) VALUES (1, null, 'EN_MESA_DE_AYUDA', '2018-12-05 20:03:59', 'Solicita la instalación del nuevo sistema de getión de reclamos', 'Gaston', 2);
INSERT INTO la_llamita_bd.cambio_estado_ticket (ID_CAMBIO_TICK, ESTADO_ANTERIOR, ESTADO_NUEVO, FECHA_HORA_CAMBIO, OBSERVACIONES, RESPONSABLE_CAMBIO, NUM_TICKET) VALUES (3, null, 'EN_MESA_DE_AYUDA', '2018-12-05 20:04:59', 'Solicita la creación de usuarios para el nuevo sistema de gestión de reclamos.', 'Gaston', 3);
INSERT INTO la_llamita_bd.cambio_estado_ticket (ID_CAMBIO_TICK, ESTADO_ANTERIOR, ESTADO_NUEVO, FECHA_HORA_CAMBIO, OBSERVACIONES, RESPONSABLE_CAMBIO, NUM_TICKET) VALUES (4, 'EN_MESA_DE_AYUDA', 'DERIVADO', '2018-12-05 20:05:22', 'Derivo al grupo correspondiente', 'Gaston', 3);
INSERT INTO la_llamita_bd.cambio_estado_ticket (ID_CAMBIO_TICK, ESTADO_ANTERIOR, ESTADO_NUEVO, FECHA_HORA_CAMBIO, OBSERVACIONES, RESPONSABLE_CAMBIO, NUM_TICKET) VALUES (5, null, 'EN_MESA_DE_AYUDA', '2018-12-05 20:06:08', 'Solicto cambio de contraseña del sistema de gestión de reclamos', 'Gaston', 4);
INSERT INTO la_llamita_bd.cambio_estado_ticket (ID_CAMBIO_TICK, ESTADO_ANTERIOR, ESTADO_NUEVO, FECHA_HORA_CAMBIO, OBSERVACIONES, RESPONSABLE_CAMBIO, NUM_TICKET) VALUES (6, 'EN_MESA_DE_AYUDA', 'DERIVADO', '2018-12-05 20:06:22', 'Derivo a unidades de soporte', 'Gaston', 4);
INSERT INTO la_llamita_bd.cambio_estado_ticket (ID_CAMBIO_TICK, ESTADO_ANTERIOR, ESTADO_NUEVO, FECHA_HORA_CAMBIO, OBSERVACIONES, RESPONSABLE_CAMBIO, NUM_TICKET) VALUES (7, 'EN_MESA_DE_AYUDA', 'DERIVADO', '2018-12-05 21:58:17', 'DERIVADO desde derivar ticket', 'Gaston', 2)
